
CREATE TABLE EMP(
   EMPNO      INTEGER NOT NULL,
   ENAME       VARCHAR(10),
   JOB        VARCHAR(9),
   MGR        INTEGER,
   HIREDATE   VARCHAR(12),
   SAL        DECIMAL(7, 2),
   COMM       DECIMAL(7, 2),
   DEPTNO     INTEGER
);
 
CREATE TABLE DEPT(
   DEPTNO     INTEGER NOT NULL,
   DNAME      VARCHAR(14),
   LOCATION   VARCHAR(13)
);

CREATE TABLE SALGRADE(
   GRADE      INTEGER NOT NULL,
   LOSAL      INTEGER NOT NULL,
   HISAL      INTEGER NOT NULL
);

CREATE TABLE BONUS (
   ENAME      VARCHAR(10) NOT NULL,
   JOB        VARCHAR(9) NOT NULL,
   SAL        DECIMAL(7, 2),
   COMM       DECIMAL(7, 2)
);


INSERT INTO DEPT VALUES
  (10, 'ACCOUNTING', 'NEW YORK'),
  (20, 'RESEARCH',   'DALLAS'),
  (30, 'SALES',      'CHICAGO'),
  (40, 'OPERATIONS', 'BOSTON');
 
INSERT INTO EMP VALUES
  (7839, 'KING',   'PRESIDENT', NULL, '1981-11-17', 5000, NULL, 10),
  (7566, 'JONES',  'MANAGER',   7839, '1981-04-02', 2975, NULL, 20),
  (7788, 'SCOTT',  'ANALYST',   7566, '1982-12-09', 3000, NULL, 20),
  (7876, 'ADAMS',  'CLERK',     7788, '1983-01-12', 1100, NULL, 20),
  (7902, 'FORD',   'ANALYST',   7566, '1981-12-03', 3000, NULL, 20),
  (7369, 'SMITH',  'CLERK',     7902, '1980-12-17',  800, NULL, 20),
  (7698, 'BLAKE',  'MANAGER',   7839, '1981-05-01', 2850, NULL, 30),
  (7499, 'ALLEN',  'SALESMAN',  7698, '1981-02-20', 1600,  300, 30),
  (7521, 'WARD',   'SALESMAN',  7698, '1981-02-22', 1250,  500, 30),
  (7654, 'MARTIN', 'SALESMAN',  7698, '1981-09-28', 1250, 1400, 30),
  (7844, 'TURNER', 'SALESMAN',  7698, '1981-09-08', 1500,    0, 30),
  (7900, 'JAMES',  'CLERK',     7698, '1981-12-03',  950, NULL, 30),
  (7782, 'CLARK',  'MANAGER',   7839, '1981-06-09', 2450, NULL, 10),
  (7934, 'MILLER', 'CLERK',     7782, '1982-01-23', 1300, NULL, 10);
 
INSERT INTO SALGRADE VALUES
  (1,  700, 1200),
  (2, 1201, 1400),
  (3, 1401, 2000),
  (4, 2001, 3000),
  (5, 3001, 9999);
  
COMMIT;

select * from EMP;
select * 
from EMP
where ENAME like '%'
and JOB like '%A%'; 